Source.Name;Kode_Wilayah;Nama_Wilayah;Jumlah;Nilai;Persentase;Tahun;Periode;Level ;
Nasional 2023 periode 1.xlsx;31;DKI Jakarta;44;150;340.91;2023;1;Nasional;
Nasional 2023 periode 1.xlsx;34;DI Yogyakarta;121;105;86.78;2023;1;Nasional;
Nasional 2023 periode 1.xlsx;52;Nusa Tenggara Barat;177;138;77.97;2023;1;Nasional;
Nasional 2023 periode 1.xlsx;36;Banten;254;191;75.2;2023;1;Nasional;
Nasional 2023 periode 1.xlsx;35;Jawa Timur;979;735;75.08;2023;1;Nasional;
Nasional 2023 periode 1.xlsx;33;Jawa Tengah;882;596;67.57;2023;1;Nasional;
Nasional 2023 periode 1.xlsx;73;Sulawesi Selatan;474;299;63.08;2023;1;Nasional;
Nasional 2023 periode 1.xlsx;19;Kepulauan Bangka Belitung;64;40;62.5;2023;1;Nasional;
Nasional 2023 periode 1.xlsx;17;Bengkulu;180;104;57.78;2023;1;Nasional;
Nasional 2023 periode 1.xlsx;63;Kalimantan Selatan;242;117;48.35;2023;1;Nasional;
Nasional 2023 periode 1.xlsx;51;Bali;120;58;48.33;2023;1;Nasional;
Nasional 2023 periode 1.xlsx;13;Sumatera Barat;282;133;47.16;2023;1;Nasional;
Nasional 2023 periode 1.xlsx;32;Jawa Barat;1106;512;46.29;2023;1;Nasional;
Nasional 2023 periode 1.xlsx;61;Kalimantan Barat;249;115;46.18;2023;1;Nasional;
Nasional 2023 periode 1.xlsx;64;Kalimantan Timur;188;78;41.49;2023;1;Nasional;
Nasional 2023 periode 1.xlsx;11;Aceh;366;142;38.8;2023;1;Nasional;
Nasional 2023 periode 1.xlsx;81;Maluku;241;90;37.34;2023;1;Nasional;
Nasional 2023 periode 1.xlsx;16;Sumatera Selatan;352;125;35.51;2023;1;Nasional;
Nasional 2023 periode 1.xlsx;82;Maluku Utara;150;53;35.33;2023;1;Nasional;
Nasional 2023 periode 1.xlsx;53;Nusa Tenggara Timur;435;150;34.48;2023;1;Nasional;
Nasional 2023 periode 1.xlsx;21;Kepulauan Riau;96;32;33.33;2023;1;Nasional;
Nasional 2023 periode 1.xlsx;18;Lampung;322;106;32.92;2023;1;Nasional;
Nasional 2023 periode 1.xlsx;14;Riau;240;79;32.92;2023;1;Nasional;
Nasional 2023 periode 1.xlsx;15;Jambi;212;68;32.08;2023;1;Nasional;
Nasional 2023 periode 1.xlsx;94;Papua Tengah;125;40;32.0;2023;1;Nasional;
Nasional 2023 periode 1.xlsx;12;Sumatera Utara;620;170;27.42;2023;1;Nasional;
Nasional 2023 periode 1.xlsx;72;Sulawesi Tengah;219;57;26.03;2023;1;Nasional;
Nasional 2023 periode 1.xlsx;71;Sulawesi Utara;199;48;24.12;2023;1;Nasional;
Nasional 2023 periode 1.xlsx;94;Papua;121;27;22.31;2023;1;Nasional;
Nasional 2023 periode 1.xlsx;76;Sulawesi Barat;98;19;19.39;2023;1;Nasional;
Nasional 2023 periode 1.xlsx;62;Kalimantan Tengah;204;37;18.14;2023;1;Nasional;
Nasional 2023 periode 1.xlsx;95;Papua Pegunungan;178;31;17.42;2023;1;Nasional;
Nasional 2023 periode 1.xlsx;74;Sulawesi Tenggara;308;50;16.23;2023;1;Nasional;
Nasional 2023 periode 1.xlsx;91;Papua Barat;76;12;15.79;2023;1;Nasional;
Nasional 2023 periode 1.xlsx;75;Gorontalo;95;15;15.79;2023;1;Nasional;
Nasional 2023 periode 1.xlsx;93;Papua Selatan;85;11;12.94;2023;1;Nasional;
Nasional 2023 periode 1.xlsx;65;Kalimantan Utara;58;5;8.62;2023;1;Nasional;
Nasional 2023 periode 1.xlsx;96;Papua Barat Daya;91;0;0.0;2023;1;Nasional;
Nasional 2023 periode 2.xlsx;31;DKI Jakarta;44;150;340.91;2023;2;Nasional;
Nasional 2023 periode 2.xlsx;34;DI Yogyakarta;121;105;86.78;2023;2;Nasional;
Nasional 2023 periode 2.xlsx;52;Nusa Tenggara Barat;177;138;77.97;2023;2;Nasional;
Nasional 2023 periode 2.xlsx;36;Banten;254;191;75.2;2023;2;Nasional;
Nasional 2023 periode 2.xlsx;35;Jawa Timur;979;735;75.08;2023;2;Nasional;
Nasional 2023 periode 2.xlsx;33;Jawa Tengah;882;596;67.57;2023;2;Nasional;
Nasional 2023 periode 2.xlsx;73;Sulawesi Selatan;474;299;63.08;2023;2;Nasional;
Nasional 2023 periode 2.xlsx;19;Kepulauan Bangka Belitung;64;40;62.5;2023;2;Nasional;
Nasional 2023 periode 2.xlsx;17;Bengkulu;180;104;57.78;2023;2;Nasional;
Nasional 2023 periode 2.xlsx;63;Kalimantan Selatan;242;117;48.35;2023;2;Nasional;
Nasional 2023 periode 2.xlsx;51;Bali;120;58;48.33;2023;2;Nasional;
Nasional 2023 periode 2.xlsx;13;Sumatera Barat;282;133;47.16;2023;2;Nasional;
Nasional 2023 periode 2.xlsx;32;Jawa Barat;1106;512;46.29;2023;2;Nasional;
Nasional 2023 periode 2.xlsx;61;Kalimantan Barat;249;115;46.18;2023;2;Nasional;
Nasional 2023 periode 2.xlsx;64;Kalimantan Timur;188;78;41.49;2023;2;Nasional;
Nasional 2023 periode 2.xlsx;11;Aceh;366;142;38.8;2023;2;Nasional;
Nasional 2023 periode 2.xlsx;81;Maluku;241;90;37.34;2023;2;Nasional;
Nasional 2023 periode 2.xlsx;16;Sumatera Selatan;352;125;35.51;2023;2;Nasional;
Nasional 2023 periode 2.xlsx;82;Maluku Utara;150;53;35.33;2023;2;Nasional;
Nasional 2023 periode 2.xlsx;53;Nusa Tenggara Timur;435;150;34.48;2023;2;Nasional;
Nasional 2023 periode 2.xlsx;21;Kepulauan Riau;96;32;33.33;2023;2;Nasional;
Nasional 2023 periode 2.xlsx;18;Lampung;322;106;32.92;2023;2;Nasional;
Nasional 2023 periode 2.xlsx;14;Riau;240;79;32.92;2023;2;Nasional;
Nasional 2023 periode 2.xlsx;15;Jambi;212;68;32.08;2023;2;Nasional;
Nasional 2023 periode 2.xlsx;94;Papua Tengah;125;40;32.0;2023;2;Nasional;
Nasional 2023 periode 2.xlsx;12;Sumatera Utara;620;170;27.42;2023;2;Nasional;
Nasional 2023 periode 2.xlsx;72;Sulawesi Tengah;219;57;26.03;2023;2;Nasional;
Nasional 2023 periode 2.xlsx;71;Sulawesi Utara;199;48;24.12;2023;2;Nasional;
Nasional 2023 periode 2.xlsx;94;Papua;121;27;22.31;2023;2;Nasional;
Nasional 2023 periode 2.xlsx;76;Sulawesi Barat;98;19;19.39;2023;2;Nasional;
Nasional 2023 periode 2.xlsx;62;Kalimantan Tengah;204;37;18.14;2023;2;Nasional;
Nasional 2023 periode 2.xlsx;95;Papua Pegunungan;178;31;17.42;2023;2;Nasional;
Nasional 2023 periode 2.xlsx;74;Sulawesi Tenggara;308;50;16.23;2023;2;Nasional;
Nasional 2023 periode 2.xlsx;91;Papua Barat;76;12;15.79;2023;2;Nasional;
Nasional 2023 periode 2.xlsx;75;Gorontalo;95;15;15.79;2023;2;Nasional;
Nasional 2023 periode 2.xlsx;93;Papua Selatan;85;11;12.94;2023;2;Nasional;
Nasional 2023 periode 2.xlsx;65;Kalimantan Utara;58;5;8.62;2023;2;Nasional;
Nasional 2023 periode 2.xlsx;96;Papua Barat Daya;91;0;0.0;2023;2;Nasional;
Nasional 2023 periode 3.xlsx;31;DKI Jakarta;44;168;381.82;2023;3;Nasional;
Nasional 2023 periode 3.xlsx;34;DI Yogyakarta;121;111;91.74;2023;3;Nasional;
Nasional 2023 periode 3.xlsx;35;Jawa Timur;979;815;83.25;2023;3;Nasional;
Nasional 2023 periode 3.xlsx;52;Nusa Tenggara Barat;177;145;81.92;2023;3;Nasional;
Nasional 2023 periode 3.xlsx;36;Banten;254;202;79.53;2023;3;Nasional;
Nasional 2023 periode 3.xlsx;33;Jawa Tengah;882;673;76.3;2023;3;Nasional;
Nasional 2023 periode 3.xlsx;73;Sulawesi Selatan;474;304;64.14;2023;3;Nasional;
Nasional 2023 periode 3.xlsx;32;Jawa Barat;1106;650;58.77;2023;3;Nasional;
Nasional 2023 periode 3.xlsx;19;Kepulauan Bangka Belitung;64;37;57.81;2023;3;Nasional;
Nasional 2023 periode 3.xlsx;17;Bengkulu;180;103;57.22;2023;3;Nasional;
Nasional 2023 periode 3.xlsx;51;Bali;120;65;54.17;2023;3;Nasional;
Nasional 2023 periode 3.xlsx;64;Kalimantan Timur;188;94;50.0;2023;3;Nasional;
Nasional 2023 periode 3.xlsx;13;Sumatera Barat;282;141;50.0;2023;3;Nasional;
Nasional 2023 periode 3.xlsx;63;Kalimantan Selatan;242;118;48.76;2023;3;Nasional;
Nasional 2023 periode 3.xlsx;61;Kalimantan Barat;249;118;47.39;2023;3;Nasional;
Nasional 2023 periode 3.xlsx;16;Sumatera Selatan;352;147;41.76;2023;3;Nasional;
Nasional 2023 periode 3.xlsx;11;Aceh;366;144;39.34;2023;3;Nasional;
Nasional 2023 periode 3.xlsx;82;Maluku Utara;150;57;38.0;2023;3;Nasional;
Nasional 2023 periode 3.xlsx;53;Nusa Tenggara Timur;435;162;37.24;2023;3;Nasional;
Nasional 2023 periode 3.xlsx;81;Maluku;241;88;36.51;2023;3;Nasional;
Nasional 2023 periode 3.xlsx;21;Kepulauan Riau;96;35;36.46;2023;3;Nasional;
Nasional 2023 periode 3.xlsx;14;Riau;240;85;35.42;2023;3;Nasional;
Nasional 2023 periode 3.xlsx;18;Lampung;322;114;35.4;2023;3;Nasional;
Nasional 2023 periode 3.xlsx;15;Jambi;212;75;35.38;2023;3;Nasional;
Nasional 2023 periode 3.xlsx;94;Papua Tengah;125;41;32.8;2023;3;Nasional;
Nasional 2023 periode 3.xlsx;72;Sulawesi Tengah;219;68;31.05;2023;3;Nasional;
Nasional 2023 periode 3.xlsx;12;Sumatera Utara;620;181;29.19;2023;3;Nasional;
Nasional 2023 periode 3.xlsx;71;Sulawesi Utara;199;51;25.63;2023;3;Nasional;
Nasional 2023 periode 3.xlsx;76;Sulawesi Barat;98;24;24.49;2023;3;Nasional;
Nasional 2023 periode 3.xlsx;94;Papua;121;29;23.97;2023;3;Nasional;
Nasional 2023 periode 3.xlsx;62;Kalimantan Tengah;204;45;22.06;2023;3;Nasional;
Nasional 2023 periode 3.xlsx;75;Gorontalo;95;18;18.95;2023;3;Nasional;
Nasional 2023 periode 3.xlsx;74;Sulawesi Tenggara;308;54;17.53;2023;3;Nasional;
Nasional 2023 periode 3.xlsx;95;Papua Pegunungan;178;31;17.42;2023;3;Nasional;
Nasional 2023 periode 3.xlsx;91;Papua Barat;76;12;15.79;2023;3;Nasional;
Nasional 2023 periode 3.xlsx;93;Papua Selatan;85;11;12.94;2023;3;Nasional;
Nasional 2023 periode 3.xlsx;65;Kalimantan Utara;58;5;8.62;2023;3;Nasional;
Nasional 2023 periode 3.xlsx;96;Papua Barat Daya;91;0;0.0;2023;3;Nasional;
Nasional 2023 periode 4.xlsx;31;DKI Jakarta;44;169;384.09;2023;4;Nasional;
Nasional 2023 periode 4.xlsx;34;DI Yogyakarta;121;111;91.74;2023;4;Nasional;
Nasional 2023 periode 4.xlsx;35;Jawa Timur;979;816;83.35;2023;4;Nasional;
Nasional 2023 periode 4.xlsx;52;Nusa Tenggara Barat;177;144;81.36;2023;4;Nasional;
Nasional 2023 periode 4.xlsx;36;Banten;254;204;80.31;2023;4;Nasional;
Nasional 2023 periode 4.xlsx;33;Jawa Tengah;882;677;76.76;2023;4;Nasional;
Nasional 2023 periode 4.xlsx;73;Sulawesi Selatan;474;305;64.35;2023;4;Nasional;
Nasional 2023 periode 4.xlsx;32;Jawa Barat;1106;661;59.76;2023;4;Nasional;
Nasional 2023 periode 4.xlsx;17;Bengkulu;180;104;57.78;2023;4;Nasional;
Nasional 2023 periode 4.xlsx;19;Kepulauan Bangka Belitung;64;36;56.25;2023;4;Nasional;
Nasional 2023 periode 4.xlsx;51;Bali;120;65;54.17;2023;4;Nasional;
Nasional 2023 periode 4.xlsx;64;Kalimantan Timur;188;94;50.0;2023;4;Nasional;
Nasional 2023 periode 4.xlsx;13;Sumatera Barat;282;141;50.0;2023;4;Nasional;
Nasional 2023 periode 4.xlsx;63;Kalimantan Selatan;242;120;49.59;2023;4;Nasional;
Nasional 2023 periode 4.xlsx;61;Kalimantan Barat;249;118;47.39;2023;4;Nasional;
Nasional 2023 periode 4.xlsx;16;Sumatera Selatan;352;149;42.33;2023;4;Nasional;
Nasional 2023 periode 4.xlsx;11;Aceh;366;148;40.44;2023;4;Nasional;
Nasional 2023 periode 4.xlsx;82;Maluku Utara;150;58;38.67;2023;4;Nasional;
Nasional 2023 periode 4.xlsx;53;Nusa Tenggara Timur;435;165;37.93;2023;4;Nasional;
Nasional 2023 periode 4.xlsx;81;Maluku;241;89;36.93;2023;4;Nasional;
Nasional 2023 periode 4.xlsx;21;Kepulauan Riau;96;35;36.46;2023;4;Nasional;
Nasional 2023 periode 4.xlsx;14;Riau;240;85;35.42;2023;4;Nasional;
Nasional 2023 periode 4.xlsx;18;Lampung;322;114;35.4;2023;4;Nasional;
Nasional 2023 periode 4.xlsx;15;Jambi;212;75;35.38;2023;4;Nasional;
Nasional 2023 periode 4.xlsx;94;Papua Tengah;125;41;32.8;2023;4;Nasional;
Nasional 2023 periode 4.xlsx;72;Sulawesi Tengah;219;71;32.42;2023;4;Nasional;
Nasional 2023 periode 4.xlsx;12;Sumatera Utara;620;183;29.52;2023;4;Nasional;
Nasional 2023 periode 4.xlsx;71;Sulawesi Utara;199;51;25.63;2023;4;Nasional;
Nasional 2023 periode 4.xlsx;94;Papua;121;30;24.79;2023;4;Nasional;
Nasional 2023 periode 4.xlsx;76;Sulawesi Barat;98;24;24.49;2023;4;Nasional;
Nasional 2023 periode 4.xlsx;62;Kalimantan Tengah;204;46;22.55;2023;4;Nasional;
Nasional 2023 periode 4.xlsx;75;Gorontalo;95;18;18.95;2023;4;Nasional;
Nasional 2023 periode 4.xlsx;74;Sulawesi Tenggara;308;56;18.18;2023;4;Nasional;
Nasional 2023 periode 4.xlsx;95;Papua Pegunungan;178;31;17.42;2023;4;Nasional;
Nasional 2023 periode 4.xlsx;91;Papua Barat;76;12;15.79;2023;4;Nasional;
Nasional 2023 periode 4.xlsx;93;Papua Selatan;85;11;12.94;2023;4;Nasional;
Nasional 2023 periode 4.xlsx;65;Kalimantan Utara;58;5;8.62;2023;4;Nasional;
Nasional 2023 periode 4.xlsx;96;Papua Barat Daya;91;0;0.0;2023;4;Nasional;
Nasional 2024 periode 1.xlsx;31;DKI Jakarta;44;176;400.0;2024;1;Nasional;
Nasional 2024 periode 1.xlsx;34;DI Yogyakarta;121;110;90.91;2024;1;Nasional;
Nasional 2024 periode 1.xlsx;52;Nusa Tenggara Barat;177;151;85.31;2024;1;Nasional;
Nasional 2024 periode 1.xlsx;35;Jawa Timur;979;833;85.09;2024;1;Nasional;
Nasional 2024 periode 1.xlsx;36;Banten;254;211;83.07;2024;1;Nasional;
Nasional 2024 periode 1.xlsx;33;Jawa Tengah;882;706;80.05;2024;1;Nasional;
Nasional 2024 periode 1.xlsx;73;Sulawesi Selatan;474;331;69.83;2024;1;Nasional;
Nasional 2024 periode 1.xlsx;32;Jawa Barat;1106;730;66.0;2024;1;Nasional;
Nasional 2024 periode 1.xlsx;17;Bengkulu;180;109;60.56;2024;1;Nasional;
Nasional 2024 periode 1.xlsx;19;Kepulauan Bangka Belitung;64;37;57.81;2024;1;Nasional;
Nasional 2024 periode 1.xlsx;51;Bali;120;67;55.83;2024;1;Nasional;
Nasional 2024 periode 1.xlsx;64;Kalimantan Timur;188;102;54.26;2024;1;Nasional;
Nasional 2024 periode 1.xlsx;13;Sumatera Barat;282;153;54.26;2024;1;Nasional;
Nasional 2024 periode 1.xlsx;63;Kalimantan Selatan;242;125;51.65;2024;1;Nasional;
Nasional 2024 periode 1.xlsx;61;Kalimantan Barat;249;121;48.59;2024;1;Nasional;
Nasional 2024 periode 1.xlsx;11;Aceh;366;172;46.99;2024;1;Nasional;
Nasional 2024 periode 1.xlsx;16;Sumatera Selatan;352;165;46.88;2024;1;Nasional;
Nasional 2024 periode 1.xlsx;18;Lampung;322;147;45.65;2024;1;Nasional;
Nasional 2024 periode 1.xlsx;14;Riau;240;102;42.5;2024;1;Nasional;
Nasional 2024 periode 1.xlsx;82;Maluku Utara;150;62;41.33;2024;1;Nasional;
Nasional 2024 periode 1.xlsx;15;Jambi;212;86;40.57;2024;1;Nasional;
Nasional 2024 periode 1.xlsx;53;Nusa Tenggara Timur;435;174;40.0;2024;1;Nasional;
Nasional 2024 periode 1.xlsx;81;Maluku;241;96;39.83;2024;1;Nasional;
Nasional 2024 periode 1.xlsx;72;Sulawesi Tengah;219;85;38.81;2024;1;Nasional;
Nasional 2024 periode 1.xlsx;21;Kepulauan Riau;96;37;38.54;2024;1;Nasional;
Nasional 2024 periode 1.xlsx;71;Sulawesi Utara;199;73;36.68;2024;1;Nasional;
Nasional 2024 periode 1.xlsx;12;Sumatera Utara;620;213;34.35;2024;1;Nasional;
Nasional 2024 periode 1.xlsx;94;Papua Tengah;125;41;32.8;2024;1;Nasional;
Nasional 2024 periode 1.xlsx;76;Sulawesi Barat;98;32;32.65;2024;1;Nasional;
Nasional 2024 periode 1.xlsx;94;Papua;121;32;26.45;2024;1;Nasional;
Nasional 2024 periode 1.xlsx;62;Kalimantan Tengah;204;52;25.49;2024;1;Nasional;
Nasional 2024 periode 1.xlsx;91;Papua Barat;76;18;23.68;2024;1;Nasional;
Nasional 2024 periode 1.xlsx;74;Sulawesi Tenggara;308;69;22.4;2024;1;Nasional;
Nasional 2024 periode 1.xlsx;75;Gorontalo;95;20;21.05;2024;1;Nasional;
Nasional 2024 periode 1.xlsx;95;Papua Pegunungan;178;32;17.98;2024;1;Nasional;
Nasional 2024 periode 1.xlsx;93;Papua Selatan;85;15;17.65;2024;1;Nasional;
Nasional 2024 periode 1.xlsx;65;Kalimantan Utara;58;5;8.62;2024;1;Nasional;
Nasional 2024 periode 1.xlsx;96;Papua Barat Daya;91;0;0.0;2024;1;Nasional;
Nasional 2024 periode 2.xlsx;31;DKI Jakarta;44;176;400.0;2024;2;Nasional;
Nasional 2024 periode 2.xlsx;34;DI Yogyakarta;121;110;90.91;2024;2;Nasional;
Nasional 2024 periode 2.xlsx;52;Nusa Tenggara Barat;177;151;85.31;2024;2;Nasional;
Nasional 2024 periode 2.xlsx;35;Jawa Timur;979;833;85.09;2024;2;Nasional;
Nasional 2024 periode 2.xlsx;36;Banten;254;211;83.07;2024;2;Nasional;
Nasional 2024 periode 2.xlsx;33;Jawa Tengah;882;706;80.05;2024;2;Nasional;
Nasional 2024 periode 2.xlsx;73;Sulawesi Selatan;474;331;69.83;2024;2;Nasional;
Nasional 2024 periode 2.xlsx;32;Jawa Barat;1106;730;66.0;2024;2;Nasional;
Nasional 2024 periode 2.xlsx;17;Bengkulu;180;109;60.56;2024;2;Nasional;
Nasional 2024 periode 2.xlsx;19;Kepulauan Bangka Belitung;64;37;57.81;2024;2;Nasional;
Nasional 2024 periode 2.xlsx;51;Bali;120;67;55.83;2024;2;Nasional;
Nasional 2024 periode 2.xlsx;64;Kalimantan Timur;188;102;54.26;2024;2;Nasional;
Nasional 2024 periode 2.xlsx;13;Sumatera Barat;282;153;54.26;2024;2;Nasional;
Nasional 2024 periode 2.xlsx;63;Kalimantan Selatan;242;125;51.65;2024;2;Nasional;
Nasional 2024 periode 2.xlsx;61;Kalimantan Barat;249;121;48.59;2024;2;Nasional;
Nasional 2024 periode 2.xlsx;11;Aceh;366;172;46.99;2024;2;Nasional;
Nasional 2024 periode 2.xlsx;16;Sumatera Selatan;352;165;46.88;2024;2;Nasional;
Nasional 2024 periode 2.xlsx;18;Lampung;322;147;45.65;2024;2;Nasional;
Nasional 2024 periode 2.xlsx;14;Riau;240;102;42.5;2024;2;Nasional;
Nasional 2024 periode 2.xlsx;82;Maluku Utara;150;62;41.33;2024;2;Nasional;
Nasional 2024 periode 2.xlsx;15;Jambi;212;86;40.57;2024;2;Nasional;
Nasional 2024 periode 2.xlsx;53;Nusa Tenggara Timur;435;174;40.0;2024;2;Nasional;
Nasional 2024 periode 2.xlsx;81;Maluku;241;96;39.83;2024;2;Nasional;
Nasional 2024 periode 2.xlsx;72;Sulawesi Tengah;219;85;38.81;2024;2;Nasional;
Nasional 2024 periode 2.xlsx;21;Kepulauan Riau;96;37;38.54;2024;2;Nasional;
Nasional 2024 periode 2.xlsx;71;Sulawesi Utara;199;73;36.68;2024;2;Nasional;
Nasional 2024 periode 2.xlsx;12;Sumatera Utara;620;213;34.35;2024;2;Nasional;
Nasional 2024 periode 2.xlsx;94;Papua Tengah;125;41;32.8;2024;2;Nasional;
Nasional 2024 periode 2.xlsx;76;Sulawesi Barat;98;32;32.65;2024;2;Nasional;
Nasional 2024 periode 2.xlsx;94;Papua;121;32;26.45;2024;2;Nasional;
Nasional 2024 periode 2.xlsx;62;Kalimantan Tengah;204;52;25.49;2024;2;Nasional;
Nasional 2024 periode 2.xlsx;91;Papua Barat;76;18;23.68;2024;2;Nasional;
Nasional 2024 periode 2.xlsx;74;Sulawesi Tenggara;308;69;22.4;2024;2;Nasional;
Nasional 2024 periode 2.xlsx;75;Gorontalo;95;20;21.05;2024;2;Nasional;
Nasional 2024 periode 2.xlsx;95;Papua Pegunungan;178;32;17.98;2024;2;Nasional;
Nasional 2024 periode 2.xlsx;93;Papua Selatan;85;15;17.65;2024;2;Nasional;
Nasional 2024 periode 2.xlsx;65;Kalimantan Utara;58;5;8.62;2024;2;Nasional;
Nasional 2024 periode 2.xlsx;96;Papua Barat Daya;91;0;0.0;2024;2;Nasional;
Nasional 2024 periode 3.xlsx;31;DKI Jakarta;44;176;400.0;2024;3;Nasional;
Nasional 2024 periode 3.xlsx;34;DI Yogyakarta;121;110;90.91;2024;3;Nasional;
Nasional 2024 periode 3.xlsx;52;Nusa Tenggara Barat;177;151;85.31;2024;3;Nasional;
Nasional 2024 periode 3.xlsx;35;Jawa Timur;979;833;85.09;2024;3;Nasional;
Nasional 2024 periode 3.xlsx;36;Banten;254;211;83.07;2024;3;Nasional;
Nasional 2024 periode 3.xlsx;33;Jawa Tengah;882;706;80.05;2024;3;Nasional;
Nasional 2024 periode 3.xlsx;73;Sulawesi Selatan;474;331;69.83;2024;3;Nasional;
Nasional 2024 periode 3.xlsx;32;Jawa Barat;1106;730;66.0;2024;3;Nasional;
Nasional 2024 periode 3.xlsx;17;Bengkulu;180;109;60.56;2024;3;Nasional;
Nasional 2024 periode 3.xlsx;19;Kepulauan Bangka Belitung;64;37;57.81;2024;3;Nasional;
Nasional 2024 periode 3.xlsx;51;Bali;120;67;55.83;2024;3;Nasional;
Nasional 2024 periode 3.xlsx;64;Kalimantan Timur;188;102;54.26;2024;3;Nasional;
Nasional 2024 periode 3.xlsx;13;Sumatera Barat;282;153;54.26;2024;3;Nasional;
Nasional 2024 periode 3.xlsx;63;Kalimantan Selatan;242;125;51.65;2024;3;Nasional;
Nasional 2024 periode 3.xlsx;61;Kalimantan Barat;249;121;48.59;2024;3;Nasional;
Nasional 2024 periode 3.xlsx;11;Aceh;366;172;46.99;2024;3;Nasional;
Nasional 2024 periode 3.xlsx;16;Sumatera Selatan;352;165;46.88;2024;3;Nasional;
Nasional 2024 periode 3.xlsx;18;Lampung;322;147;45.65;2024;3;Nasional;
Nasional 2024 periode 3.xlsx;14;Riau;240;102;42.5;2024;3;Nasional;
Nasional 2024 periode 3.xlsx;82;Maluku Utara;150;62;41.33;2024;3;Nasional;
Nasional 2024 periode 3.xlsx;15;Jambi;212;86;40.57;2024;3;Nasional;
Nasional 2024 periode 3.xlsx;53;Nusa Tenggara Timur;435;174;40.0;2024;3;Nasional;
Nasional 2024 periode 3.xlsx;81;Maluku;241;96;39.83;2024;3;Nasional;
Nasional 2024 periode 3.xlsx;72;Sulawesi Tengah;219;85;38.81;2024;3;Nasional;
Nasional 2024 periode 3.xlsx;21;Kepulauan Riau;96;37;38.54;2024;3;Nasional;
Nasional 2024 periode 3.xlsx;71;Sulawesi Utara;199;73;36.68;2024;3;Nasional;
Nasional 2024 periode 3.xlsx;12;Sumatera Utara;620;213;34.35;2024;3;Nasional;
Nasional 2024 periode 3.xlsx;94;Papua Tengah;125;41;32.8;2024;3;Nasional;
Nasional 2024 periode 3.xlsx;76;Sulawesi Barat;98;32;32.65;2024;3;Nasional;
Nasional 2024 periode 3.xlsx;94;Papua;121;32;26.45;2024;3;Nasional;
Nasional 2024 periode 3.xlsx;62;Kalimantan Tengah;204;52;25.49;2024;3;Nasional;
Nasional 2024 periode 3.xlsx;91;Papua Barat;76;18;23.68;2024;3;Nasional;
Nasional 2024 periode 3.xlsx;74;Sulawesi Tenggara;308;69;22.4;2024;3;Nasional;
Nasional 2024 periode 3.xlsx;75;Gorontalo;95;20;21.05;2024;3;Nasional;
Nasional 2024 periode 3.xlsx;95;Papua Pegunungan;178;32;17.98;2024;3;Nasional;
Nasional 2024 periode 3.xlsx;93;Papua Selatan;85;15;17.65;2024;3;Nasional;
Nasional 2024 periode 3.xlsx;65;Kalimantan Utara;58;5;8.62;2024;3;Nasional;
Nasional 2024 periode 3.xlsx;96;Papua Barat Daya;91;0;0.0;2024;3;Nasional;
Nasional 2024 periode 4.xlsx;31;DKI Jakarta;44;176;400.0;2024;4;Nasional;
Nasional 2024 periode 4.xlsx;34;DI Yogyakarta;121;110;90.91;2024;4;Nasional;
Nasional 2024 periode 4.xlsx;52;Nusa Tenggara Barat;177;151;85.31;2024;4;Nasional;
Nasional 2024 periode 4.xlsx;35;Jawa Timur;979;833;85.09;2024;4;Nasional;
Nasional 2024 periode 4.xlsx;36;Banten;254;211;83.07;2024;4;Nasional;
Nasional 2024 periode 4.xlsx;33;Jawa Tengah;882;706;80.05;2024;4;Nasional;
Nasional 2024 periode 4.xlsx;73;Sulawesi Selatan;474;331;69.83;2024;4;Nasional;
Nasional 2024 periode 4.xlsx;32;Jawa Barat;1106;730;66.0;2024;4;Nasional;
Nasional 2024 periode 4.xlsx;17;Bengkulu;180;109;60.56;2024;4;Nasional;
Nasional 2024 periode 4.xlsx;19;Kepulauan Bangka Belitung;64;37;57.81;2024;4;Nasional;
Nasional 2024 periode 4.xlsx;51;Bali;120;67;55.83;2024;4;Nasional;
Nasional 2024 periode 4.xlsx;64;Kalimantan Timur;188;102;54.26;2024;4;Nasional;
Nasional 2024 periode 4.xlsx;13;Sumatera Barat;282;153;54.26;2024;4;Nasional;
Nasional 2024 periode 4.xlsx;63;Kalimantan Selatan;242;125;51.65;2024;4;Nasional;
Nasional 2024 periode 4.xlsx;61;Kalimantan Barat;249;121;48.59;2024;4;Nasional;
Nasional 2024 periode 4.xlsx;11;Aceh;366;172;46.99;2024;4;Nasional;
Nasional 2024 periode 4.xlsx;16;Sumatera Selatan;352;165;46.88;2024;4;Nasional;
Nasional 2024 periode 4.xlsx;18;Lampung;322;147;45.65;2024;4;Nasional;
Nasional 2024 periode 4.xlsx;14;Riau;240;102;42.5;2024;4;Nasional;
Nasional 2024 periode 4.xlsx;82;Maluku Utara;150;62;41.33;2024;4;Nasional;
Nasional 2024 periode 4.xlsx;15;Jambi;212;86;40.57;2024;4;Nasional;
Nasional 2024 periode 4.xlsx;53;Nusa Tenggara Timur;435;174;40.0;2024;4;Nasional;
Nasional 2024 periode 4.xlsx;81;Maluku;241;96;39.83;2024;4;Nasional;
Nasional 2024 periode 4.xlsx;72;Sulawesi Tengah;219;85;38.81;2024;4;Nasional;
Nasional 2024 periode 4.xlsx;21;Kepulauan Riau;96;37;38.54;2024;4;Nasional;
Nasional 2024 periode 4.xlsx;71;Sulawesi Utara;199;73;36.68;2024;4;Nasional;
Nasional 2024 periode 4.xlsx;12;Sumatera Utara;620;213;34.35;2024;4;Nasional;
Nasional 2024 periode 4.xlsx;94;Papua Tengah;125;41;32.8;2024;4;Nasional;
Nasional 2024 periode 4.xlsx;76;Sulawesi Barat;98;32;32.65;2024;4;Nasional;
Nasional 2024 periode 4.xlsx;94;Papua;121;32;26.45;2024;4;Nasional;
Nasional 2024 periode 4.xlsx;62;Kalimantan Tengah;204;52;25.49;2024;4;Nasional;
Nasional 2024 periode 4.xlsx;91;Papua Barat;76;18;23.68;2024;4;Nasional;
Nasional 2024 periode 4.xlsx;74;Sulawesi Tenggara;308;69;22.4;2024;4;Nasional;
Nasional 2024 periode 4.xlsx;75;Gorontalo;95;20;21.05;2024;4;Nasional;
Nasional 2024 periode 4.xlsx;95;Papua Pegunungan;178;32;17.98;2024;4;Nasional;
Nasional 2024 periode 4.xlsx;93;Papua Selatan;85;15;17.65;2024;4;Nasional;
Nasional 2024 periode 4.xlsx;65;Kalimantan Utara;58;5;8.62;2024;4;Nasional;
Nasional 2024 periode 4.xlsx;96;Papua Barat Daya;91;0;0.0;2024;4;Nasional;
SUMSEL 2023 periode 1.xlsx;1605;Kab. Musi Rawas;19;16;84.21;2023;1;Provinsi;
SUMSEL 2023 periode 1.xlsx;1671;Kota Palembang;42;33;78.57;2023;1;Provinsi;
SUMSEL 2023 periode 1.xlsx;1613;Kab. Musi Rawas Utara;8;5;62.5;2023;1;Provinsi;
SUMSEL 2023 periode 1.xlsx;1603;Kab. Muara Enim;24;11;45.83;2023;1;Provinsi;
SUMSEL 2023 periode 1.xlsx;1674;Kota Lubuk Linggau;10;4;40.0;2023;1;Provinsi;
SUMSEL 2023 periode 1.xlsx;1607;Kab. Banyuasin;33;11;33.33;2023;1;Provinsi;
SUMSEL 2023 periode 1.xlsx;1672;Kota Prabumulih;9;3;33.33;2023;1;Provinsi;
SUMSEL 2023 periode 1.xlsx;1601;Kab. Ogan Komering Ulu;18;6;33.33;2023;1;Provinsi;
SUMSEL 2023 periode 1.xlsx;1612;Kab. PALI;9;3;33.33;2023;1;Provinsi;
SUMSEL 2023 periode 1.xlsx;1606;Kab. Musi Banyu Asin;29;8;27.59;2023;1;Provinsi;
SUMSEL 2023 periode 1.xlsx;1609;Kab. Ogan Komering Ulu Timur;22;6;27.27;2023;1;Provinsi;
SUMSEL 2023 periode 1.xlsx;1608;Kab. Ogan Komering Ulu  Selatan;19;4;21.05;2023;1;Provinsi;
SUMSEL 2023 periode 1.xlsx;1602;Kab. Ogan Komering Ilir;33;6;18.18;2023;1;Provinsi;
SUMSEL 2023 periode 1.xlsx;1604;Kab. Lahat;35;5;14.29;2023;1;Provinsi;
SUMSEL 2023 periode 1.xlsx;1673;Kota Pagar Alam;7;1;14.29;2023;1;Provinsi;
SUMSEL 2023 periode 1.xlsx;1610;Kab. Ogan Ilir;25;3;12.0;2023;1;Provinsi;
SUMSEL 2023 periode 1.xlsx;1611;Kab. Empat Lawang;10;0;0.0;2023;1;Provinsi;
SUMSEL 2023 periode 2.xlsx;1605;Kab. Musi Rawas;19;16;84.21;2023;2;Provinsi;
SUMSEL 2023 periode 2.xlsx;1671;Kota Palembang;42;33;78.57;2023;2;Provinsi;
SUMSEL 2023 periode 2.xlsx;1613;Kab. Musi Rawas Utara;8;5;62.5;2023;2;Provinsi;
SUMSEL 2023 periode 2.xlsx;1603;Kab. Muara Enim;24;11;45.83;2023;2;Provinsi;
SUMSEL 2023 periode 2.xlsx;1674;Kota Lubuk Linggau;10;4;40.0;2023;2;Provinsi;
SUMSEL 2023 periode 2.xlsx;1607;Kab. Banyuasin;33;11;33.33;2023;2;Provinsi;
SUMSEL 2023 periode 2.xlsx;1672;Kota Prabumulih;9;3;33.33;2023;2;Provinsi;
SUMSEL 2023 periode 2.xlsx;1601;Kab. Ogan Komering Ulu;18;6;33.33;2023;2;Provinsi;
SUMSEL 2023 periode 2.xlsx;1612;Kab. PALI;9;3;33.33;2023;2;Provinsi;
SUMSEL 2023 periode 2.xlsx;1606;Kab. Musi Banyu Asin;29;8;27.59;2023;2;Provinsi;
SUMSEL 2023 periode 2.xlsx;1609;Kab. Ogan Komering Ulu Timur;22;6;27.27;2023;2;Provinsi;
SUMSEL 2023 periode 2.xlsx;1608;Kab. Ogan Komering Ulu  Selatan;19;4;21.05;2023;2;Provinsi;
SUMSEL 2023 periode 2.xlsx;1602;Kab. Ogan Komering Ilir;33;6;18.18;2023;2;Provinsi;
SUMSEL 2023 periode 2.xlsx;1604;Kab. Lahat;35;5;14.29;2023;2;Provinsi;
SUMSEL 2023 periode 2.xlsx;1673;Kota Pagar Alam;7;1;14.29;2023;2;Provinsi;
SUMSEL 2023 periode 2.xlsx;1610;Kab. Ogan Ilir;25;3;12.0;2023;2;Provinsi;
SUMSEL 2023 periode 2.xlsx;1611;Kab. Empat Lawang;10;0;0.0;2023;2;Provinsi;
SUMSEL 2023 periode 3.xlsx;1605;Kab. Musi Rawas;19;17;89.47;2023;3;Provinsi;
SUMSEL 2023 periode 3.xlsx;1671;Kota Palembang;42;34;80.95;2023;3;Provinsi;
SUMSEL 2023 periode 3.xlsx;1603;Kab. Muara Enim;24;15;62.5;2023;3;Provinsi;
SUMSEL 2023 periode 3.xlsx;1613;Kab. Musi Rawas Utara;8;5;62.5;2023;3;Provinsi;
SUMSEL 2023 periode 3.xlsx;1607;Kab. Banyuasin;33;20;60.61;2023;3;Provinsi;
SUMSEL 2023 periode 3.xlsx;1612;Kab. PALI;9;4;44.44;2023;3;Provinsi;
SUMSEL 2023 periode 3.xlsx;1609;Kab. Ogan Komering Ulu Timur;22;9;40.91;2023;3;Provinsi;
SUMSEL 2023 periode 3.xlsx;1674;Kota Lubuk Linggau;10;4;40.0;2023;3;Provinsi;
SUMSEL 2023 periode 3.xlsx;1606;Kab. Musi Banyu Asin;29;10;34.48;2023;3;Provinsi;
SUMSEL 2023 periode 3.xlsx;1601;Kab. Ogan Komering Ulu;18;5;27.78;2023;3;Provinsi;
SUMSEL 2023 periode 3.xlsx;1672;Kota Prabumulih;9;2;22.22;2023;3;Provinsi;
SUMSEL 2023 periode 3.xlsx;1602;Kab. Ogan Komering Ilir;33;7;21.21;2023;3;Provinsi;
SUMSEL 2023 periode 3.xlsx;1608;Kab. Ogan Komering Ulu  Selatan;19;4;21.05;2023;3;Provinsi;
SUMSEL 2023 periode 3.xlsx;1610;Kab. Ogan Ilir;25;5;20.0;2023;3;Provinsi;
SUMSEL 2023 periode 3.xlsx;1604;Kab. Lahat;35;5;14.29;2023;3;Provinsi;
SUMSEL 2023 periode 3.xlsx;1673;Kota Pagar Alam;7;1;14.29;2023;3;Provinsi;
SUMSEL 2023 periode 3.xlsx;1611;Kab. Empat Lawang;10;0;0.0;2023;3;Provinsi;
SUMSEL 2023 periode 4.xlsx;1605;Kab. Musi Rawas;19;17;89.47;2023;4;Provinsi;
SUMSEL 2023 periode 4.xlsx;1671;Kota Palembang;42;35;83.33;2023;4;Provinsi;
SUMSEL 2023 periode 4.xlsx;1603;Kab. Muara Enim;24;15;62.5;2023;4;Provinsi;
SUMSEL 2023 periode 4.xlsx;1613;Kab. Musi Rawas Utara;8;5;62.5;2023;4;Provinsi;
SUMSEL 2023 periode 4.xlsx;1607;Kab. Banyuasin;33;20;60.61;2023;4;Provinsi;
SUMSEL 2023 periode 4.xlsx;1612;Kab. PALI;9;4;44.44;2023;4;Provinsi;
SUMSEL 2023 periode 4.xlsx;1609;Kab. Ogan Komering Ulu Timur;22;9;40.91;2023;4;Provinsi;
SUMSEL 2023 periode 4.xlsx;1674;Kota Lubuk Linggau;10;4;40.0;2023;4;Provinsi;
SUMSEL 2023 periode 4.xlsx;1606;Kab. Musi Banyu Asin;29;10;34.48;2023;4;Provinsi;
SUMSEL 2023 periode 4.xlsx;1601;Kab. Ogan Komering Ulu;18;5;27.78;2023;4;Provinsi;
SUMSEL 2023 periode 4.xlsx;1672;Kota Prabumulih;9;2;22.22;2023;4;Provinsi;
SUMSEL 2023 periode 4.xlsx;1602;Kab. Ogan Komering Ilir;33;7;21.21;2023;4;Provinsi;
SUMSEL 2023 periode 4.xlsx;1608;Kab. Ogan Komering Ulu  Selatan;19;4;21.05;2023;4;Provinsi;
SUMSEL 2023 periode 4.xlsx;1610;Kab. Ogan Ilir;25;5;20.0;2023;4;Provinsi;
SUMSEL 2023 periode 4.xlsx;1604;Kab. Lahat;35;5;14.29;2023;4;Provinsi;
SUMSEL 2023 periode 4.xlsx;1673;Kota Pagar Alam;7;1;14.29;2023;4;Provinsi;
SUMSEL 2023 periode 4.xlsx;1611;Kab. Empat Lawang;10;1;10.0;2023;4;Provinsi;
SUMSEL 2024 periode 1.xlsx;1605;Kab. Musi Rawas;19;17;89.47;2024;1;Provinsi;
SUMSEL 2024 periode 1.xlsx;1671;Kota Palembang;42;37;88.1;2024;1;Provinsi;
SUMSEL 2024 periode 1.xlsx;1613;Kab. Musi Rawas Utara;8;6;75.0;2024;1;Provinsi;
SUMSEL 2024 periode 1.xlsx;1607;Kab. Banyuasin;33;23;69.7;2024;1;Provinsi;
SUMSEL 2024 periode 1.xlsx;1603;Kab. Muara Enim;24;15;62.5;2024;1;Provinsi;
SUMSEL 2024 periode 1.xlsx;1674;Kota Lubuk Linggau;10;6;60.0;2024;1;Provinsi;
SUMSEL 2024 periode 1.xlsx;1606;Kab. Musi Banyu Asin;29;13;44.83;2024;1;Provinsi;
SUMSEL 2024 periode 1.xlsx;1612;Kab. PALI;9;4;44.44;2024;1;Provinsi;
SUMSEL 2024 periode 1.xlsx;1609;Kab. Ogan Komering Ulu Timur;22;9;40.91;2024;1;Provinsi;
SUMSEL 2024 periode 1.xlsx;1672;Kota Prabumulih;9;3;33.33;2024;1;Provinsi;
SUMSEL 2024 periode 1.xlsx;1608;Kab. Ogan Komering Ulu  Selatan;19;6;31.58;2024;1;Provinsi;
SUMSEL 2024 periode 1.xlsx;1673;Kota Pagar Alam;7;2;28.57;2024;1;Provinsi;
SUMSEL 2024 periode 1.xlsx;1601;Kab. Ogan Komering Ulu;18;5;27.78;2024;1;Provinsi;
SUMSEL 2024 periode 1.xlsx;1602;Kab. Ogan Komering Ilir;33;8;24.24;2024;1;Provinsi;
SUMSEL 2024 periode 1.xlsx;1610;Kab. Ogan Ilir;25;5;20.0;2024;1;Provinsi;
SUMSEL 2024 periode 1.xlsx;1604;Kab. Lahat;35;5;14.29;2024;1;Provinsi;
SUMSEL 2024 periode 1.xlsx;1611;Kab. Empat Lawang;10;1;10.0;2024;1;Provinsi;
SUMSEL 2024 periode 2.xlsx;1605;Kab. Musi Rawas;19;17;89.47;2024;2;Provinsi;
SUMSEL 2024 periode 2.xlsx;1671;Kota Palembang;42;37;88.1;2024;2;Provinsi;
SUMSEL 2024 periode 2.xlsx;1613;Kab. Musi Rawas Utara;8;6;75.0;2024;2;Provinsi;
SUMSEL 2024 periode 2.xlsx;1607;Kab. Banyuasin;33;23;69.7;2024;2;Provinsi;
SUMSEL 2024 periode 2.xlsx;1603;Kab. Muara Enim;24;15;62.5;2024;2;Provinsi;
SUMSEL 2024 periode 2.xlsx;1674;Kota Lubuk Linggau;10;6;60.0;2024;2;Provinsi;
SUMSEL 2024 periode 2.xlsx;1606;Kab. Musi Banyu Asin;29;13;44.83;2024;2;Provinsi;
SUMSEL 2024 periode 2.xlsx;1612;Kab. PALI;9;4;44.44;2024;2;Provinsi;
SUMSEL 2024 periode 2.xlsx;1609;Kab. Ogan Komering Ulu Timur;22;9;40.91;2024;2;Provinsi;
SUMSEL 2024 periode 2.xlsx;1672;Kota Prabumulih;9;3;33.33;2024;2;Provinsi;
SUMSEL 2024 periode 2.xlsx;1608;Kab. Ogan Komering Ulu  Selatan;19;6;31.58;2024;2;Provinsi;
SUMSEL 2024 periode 2.xlsx;1673;Kota Pagar Alam;7;2;28.57;2024;2;Provinsi;
SUMSEL 2024 periode 2.xlsx;1601;Kab. Ogan Komering Ulu;18;5;27.78;2024;2;Provinsi;
SUMSEL 2024 periode 2.xlsx;1602;Kab. Ogan Komering Ilir;33;8;24.24;2024;2;Provinsi;
SUMSEL 2024 periode 2.xlsx;1610;Kab. Ogan Ilir;25;5;20.0;2024;2;Provinsi;
SUMSEL 2024 periode 2.xlsx;1604;Kab. Lahat;35;5;14.29;2024;2;Provinsi;
SUMSEL 2024 periode 2.xlsx;1611;Kab. Empat Lawang;10;1;10.0;2024;2;Provinsi;
SUMSEL 2024 periode 3.xlsx;1605;Kab. Musi Rawas;19;17;89.47;2024;3;Provinsi;
SUMSEL 2024 periode 3.xlsx;1671;Kota Palembang;42;37;88.1;2024;3;Provinsi;
SUMSEL 2024 periode 3.xlsx;1613;Kab. Musi Rawas Utara;8;6;75.0;2024;3;Provinsi;
SUMSEL 2024 periode 3.xlsx;1607;Kab. Banyuasin;33;23;69.7;2024;3;Provinsi;
SUMSEL 2024 periode 3.xlsx;1603;Kab. Muara Enim;24;15;62.5;2024;3;Provinsi;
SUMSEL 2024 periode 3.xlsx;1674;Kota Lubuk Linggau;10;6;60.0;2024;3;Provinsi;
SUMSEL 2024 periode 3.xlsx;1606;Kab. Musi Banyu Asin;29;13;44.83;2024;3;Provinsi;
SUMSEL 2024 periode 3.xlsx;1612;Kab. PALI;9;4;44.44;2024;3;Provinsi;
SUMSEL 2024 periode 3.xlsx;1609;Kab. Ogan Komering Ulu Timur;22;9;40.91;2024;3;Provinsi;
SUMSEL 2024 periode 3.xlsx;1672;Kota Prabumulih;9;3;33.33;2024;3;Provinsi;
SUMSEL 2024 periode 3.xlsx;1608;Kab. Ogan Komering Ulu  Selatan;19;6;31.58;2024;3;Provinsi;
SUMSEL 2024 periode 3.xlsx;1673;Kota Pagar Alam;7;2;28.57;2024;3;Provinsi;
SUMSEL 2024 periode 3.xlsx;1601;Kab. Ogan Komering Ulu;18;5;27.78;2024;3;Provinsi;
SUMSEL 2024 periode 3.xlsx;1602;Kab. Ogan Komering Ilir;33;8;24.24;2024;3;Provinsi;
SUMSEL 2024 periode 3.xlsx;1610;Kab. Ogan Ilir;25;5;20.0;2024;3;Provinsi;
SUMSEL 2024 periode 3.xlsx;1604;Kab. Lahat;35;5;14.29;2024;3;Provinsi;
SUMSEL 2024 periode 3.xlsx;1611;Kab. Empat Lawang;10;1;10.0;2024;3;Provinsi;
SUMSEL 2024 periode 4.xlsx;1605;Kab. Musi Rawas;19;17;89.47;2024;4;Provinsi;
SUMSEL 2024 periode 4.xlsx;1671;Kota Palembang;42;37;88.1;2024;4;Provinsi;
SUMSEL 2024 periode 4.xlsx;1613;Kab. Musi Rawas Utara;8;6;75.0;2024;4;Provinsi;
SUMSEL 2024 periode 4.xlsx;1607;Kab. Banyuasin;33;23;69.7;2024;4;Provinsi;
SUMSEL 2024 periode 4.xlsx;1603;Kab. Muara Enim;24;15;62.5;2024;4;Provinsi;
SUMSEL 2024 periode 4.xlsx;1674;Kota Lubuk Linggau;10;6;60.0;2024;4;Provinsi;
SUMSEL 2024 periode 4.xlsx;1606;Kab. Musi Banyu Asin;29;13;44.83;2024;4;Provinsi;
SUMSEL 2024 periode 4.xlsx;1612;Kab. PALI;9;4;44.44;2024;4;Provinsi;
SUMSEL 2024 periode 4.xlsx;1609;Kab. Ogan Komering Ulu Timur;22;9;40.91;2024;4;Provinsi;
SUMSEL 2024 periode 4.xlsx;1672;Kota Prabumulih;9;3;33.33;2024;4;Provinsi;
SUMSEL 2024 periode 4.xlsx;1608;Kab. Ogan Komering Ulu  Selatan;19;6;31.58;2024;4;Provinsi;
SUMSEL 2024 periode 4.xlsx;1673;Kota Pagar Alam;7;2;28.57;2024;4;Provinsi;
SUMSEL 2024 periode 4.xlsx;1601;Kab. Ogan Komering Ulu;18;5;27.78;2024;4;Provinsi;
SUMSEL 2024 periode 4.xlsx;1602;Kab. Ogan Komering Ilir;33;8;24.24;2024;4;Provinsi;
SUMSEL 2024 periode 4.xlsx;1610;Kab. Ogan Ilir;25;5;20.0;2024;4;Provinsi;
SUMSEL 2024 periode 4.xlsx;1604;Kab. Lahat;35;5;14.29;2024;4;Provinsi;
SUMSEL 2024 periode 4.xlsx;1611;Kab. Empat Lawang;10;1;10.0;2024;4;Provinsi;
